{
    "results": {
        "tool": {
            "name": "pytest",
            "version": "8.4.1"
        },
        "summary": {
            "tests": 2,
            "passed": 2,
            "failed": 0,
            "skipped": 0,
            "pending": 0,
            "other": 0,
            "start": 1779283951.5991228,
            "stop": 1779283956.6192062
        },
        "tests": [
            {
                "name": "test_outputs.py::test_accuracy",
                "status": "passed",
                "duration": 2.8661667140004283,
                "start": 1779283953.751563,
                "stop": 1779283956.618089,
                "retries": 0,
                "file_path": "test_outputs.py"
            },
            {
                "name": "test_outputs.py::test_model_size",
                "status": "passed",
                "duration": 0.0004269159981049597,
                "start": 1779283956.6183903,
                "stop": 1779283956.6189733,
                "retries": 0,
                "file_path": "test_outputs.py"
            }
        ]
    }
}